state,indicator,value,survey
New Delhi,Children with any anemia,69.6,2019-21
Haryana,Children with any anemia,70.8,2019-21
Himachal Pradesh,Children with any anemia,55.1,2019-21
"Jammu, Kashmir & Ladakh",Children with any anemia,73.0,2019-21
Jammu & Kashmir,Children with any anemia,72.7,2019-21
Ladakh,Children with any anemia,92.0,2019-21
Punjab,Children with any anemia,71.5,2019-21
Rajasthan,Children with any anemia,71.5,2019-21
Madhya Pradesh,Children with any anemia,73.6,2019-21
Chhattisgarh,Children with any anemia,68.1,2019-21
Uttar Pradesh,Children with any anemia,67.2,2019-21
Uttarakhand,Children with any anemia,58.8,2019-21
Bihar,Children with any anemia,70.5,2019-21
Jharkhand,Children with any anemia,69.2,2019-21
Odisha,Children with any anemia,65.4,2019-21
West Bengal,Children with any anemia,69.1,2019-21
Arunachal Pradesh,Children with any anemia,56.1,2019-21
Assam,Children with any anemia,70.3,2019-21
Manipur,Children with any anemia,43.1,2019-21
Meghalaya,Children with any anemia,44.2,2019-21
Mizoram,Children with any anemia,48.3,2019-21
Nagaland,Children with any anemia,42.7,2019-21
Sikkim,Children with any anemia,55.6,2019-21
Tripura,Children with any anemia,64.4,2019-21
Goa,Children with any anemia,53.5,2019-21
Gujarat,Children with any anemia,80.1,2019-21
Maharashtra,Children with any anemia,69.9,2019-21
Andhra Pradesh,Children with any anemia,64.2,2019-21
Telangana,Children with any anemia,70.3,2019-21
Karnataka,Children with any anemia,66.3,2019-21
Kerala,Children with any anemia,39.4,2019-21
Tamil Nadu,Children with any anemia,57.5,2019-21
Andaman and Nicobar Islands,Children with any anemia,40.0,2019-21
Chandigarh,Children with any anemia,53.7,2019-21
"Dadra and Nagar Haveli, Daman and Diu",Children with any anemia,77.0,2019-21
Lakshadweep,Children with any anemia,43.1,2019-21
Puducherry,Children with any anemia,64.0,2019-21
New Delhi,Children with mild anemia,26.7,2019-21
Haryana,Children with mild anemia,26.3,2019-21
Himachal Pradesh,Children with mild anemia,26.2,2019-21
"Jammu, Kashmir & Ladakh",Children with mild anemia,22.8,2019-21
Jammu & Kashmir,Children with mild anemia,23.1,2019-21
Ladakh,Children with mild anemia,6.5,2019-21
Punjab,Children with mild anemia,25.5,2019-21
Rajasthan,Children with mild anemia,31.0,2019-21
Madhya Pradesh,Children with mild anemia,27.7,2019-21
Chhattisgarh,Children with mild anemia,28.1,2019-21
Uttar Pradesh,Children with mild anemia,28.4,2019-21
Uttarakhand,Children with mild anemia,24.4,2019-21
Bihar,Children with mild anemia,30.7,2019-21
Jharkhand,Children with mild anemia,31.7,2019-21
Odisha,Children with mild anemia,31.9,2019-21
West Bengal,Children with mild anemia,35.0,2019-21
Arunachal Pradesh,Children with mild anemia,28.4,2019-21
Assam,Children with mild anemia,36.3,2019-21
Manipur,Children with mild anemia,25.4,2019-21
Meghalaya,Children with mild anemia,24.3,2019-21
Mizoram,Children with mild anemia,25.1,2019-21
Nagaland,Children with mild anemia,26.9,2019-21
Sikkim,Children with mild anemia,25.6,2019-21
Tripura,Children with mild anemia,33.8,2019-21
Goa,Children with mild anemia,25.9,2019-21
Gujarat,Children with mild anemia,27.4,2019-21
Maharashtra,Children with mild anemia,29.2,2019-21
Andhra Pradesh,Children with mild anemia,26.6,2019-21
Telangana,Children with mild anemia,25.0,2019-21
Karnataka,Children with mild anemia,27.4,2019-21
Kerala,Children with mild anemia,24.0,2019-21
Tamil Nadu,Children with mild anemia,27.0,2019-21
Andaman and Nicobar Islands,Children with mild anemia,27.0,2019-21
Chandigarh,Children with mild anemia,25.6,2019-21
"Dadra and Nagar Haveli, Daman and Diu",Children with mild anemia,32.3,2019-21
Lakshadweep,Children with mild anemia,31.8,2019-21
Puducherry,Children with mild anemia,23.3,2019-21
New Delhi,Children with moderate anemia,38.0,2019-21
Haryana,Children with moderate anemia,40.9,2019-21
Himachal Pradesh,Children with moderate anemia,26.8,2019-21
"Jammu, Kashmir & Ladakh",Children with moderate anemia,46.0,2019-21
Jammu & Kashmir,Children with moderate anemia,45.9,2019-21
Ladakh,Children with moderate anemia,47.8,2019-21
Punjab,Children with moderate anemia,40.9,2019-21
Rajasthan,Children with moderate anemia,38.5,2019-21
Madhya Pradesh,Children with moderate anemia,42.6,2019-21
Chhattisgarh,Children with moderate anemia,38.3,2019-21
Uttar Pradesh,Children with moderate anemia,36.7,2019-21
Uttarakhand,Children with moderate anemia,31.5,2019-21
Bihar,Children with moderate anemia,38.1,2019-21
Jharkhand,Children with moderate anemia,36.3,2019-21
Odisha,Children with moderate anemia,32.4,2019-21
West Bengal,Children with moderate anemia,33.2,2019-21
Arunachal Pradesh,Children with moderate anemia,25.7,2019-21
Assam,Children with moderate anemia,33.2,2019-21
Manipur,Children with moderate anemia,17.2,2019-21
Meghalaya,Children with moderate anemia,19.3,2019-21
Mizoram,Children with moderate anemia,22.9,2019-21
Nagaland,Children with moderate anemia,15.3,2019-21
Sikkim,Children with moderate anemia,29.0,2019-21
Tripura,Children with moderate anemia,30.1,2019-21
Goa,Children with moderate anemia,26.0,2019-21
Gujarat,Children with moderate anemia,49.5,2019-21
Maharashtra,Children with moderate anemia,38.2,2019-21
Andhra Pradesh,Children with moderate anemia,35.3,2019-21
Telangana,Children with moderate anemia,41.7,2019-21
Karnataka,Children with moderate anemia,36.1,2019-21
Kerala,Children with moderate anemia,14.7,2019-21
Tamil Nadu,Children with moderate anemia,28.6,2019-21
Andaman and Nicobar Islands,Children with moderate anemia,13.0,2019-21
Chandigarh,Children with moderate anemia,26.6,2019-21
"Dadra and Nagar Haveli, Daman and Diu",Children with moderate anemia,43.2,2019-21
Lakshadweep,Children with moderate anemia,10.9,2019-21
Puducherry,Children with moderate anemia,38.6,2019-21
New Delhi,Children with severe anemia,4.8,2019-21
Haryana,Children with severe anemia,3.6,2019-21
Himachal Pradesh,Children with severe anemia,2.1,2019-21
"Jammu, Kashmir & Ladakh",Children with severe anemia,4.2,2019-21
Jammu & Kashmir,Children with severe anemia,3.7,2019-21
Ladakh,Children with severe anemia,37.6,2019-21
Punjab,Children with severe anemia,5.0,2019-21
Rajasthan,Children with severe anemia,2.0,2019-21
Madhya Pradesh,Children with severe anemia,3.2,2019-21
Chhattisgarh,Children with severe anemia,1.6,2019-21
Uttar Pradesh,Children with severe anemia,2.1,2019-21
Uttarakhand,Children with severe anemia,2.9,2019-21
Bihar,Children with severe anemia,1.7,2019-21
Jharkhand,Children with severe anemia,1.2,2019-21
Odisha,Children with severe anemia,1.0,2019-21
West Bengal,Children with severe anemia,0.9,2019-21
Arunachal Pradesh,Children with severe anemia,2.0,2019-21
Assam,Children with severe anemia,0.8,2019-21
Manipur,Children with severe anemia,0.5,2019-21
Meghalaya,Children with severe anemia,0.5,2019-21
Mizoram,Children with severe anemia,0.3,2019-21
Nagaland,Children with severe anemia,0.5,2019-21
Sikkim,Children with severe anemia,0.9,2019-21
Tripura,Children with severe anemia,0.6,2019-21
Goa,Children with severe anemia,1.5,2019-21
Gujarat,Children with severe anemia,3.2,2019-21
Maharashtra,Children with severe anemia,2.5,2019-21
Andhra Pradesh,Children with severe anemia,2.3,2019-21
Telangana,Children with severe anemia,3.6,2019-21
Karnataka,Children with severe anemia,2.8,2019-21
Kerala,Children with severe anemia,0.7,2019-21
Tamil Nadu,Children with severe anemia,1.8,2019-21
Andaman and Nicobar Islands,Children with severe anemia,0.0,2019-21
Chandigarh,Children with severe anemia,1.4,2019-21
"Dadra and Nagar Haveli, Daman and Diu",Children with severe anemia,1.6,2019-21
Lakshadweep,Children with severe anemia,0.5,2019-21
Puducherry,Children with severe anemia,2.2,2019-21
New Delhi,Number of children under age 5,2108.0,2019-21
Haryana,Number of children under age 5,3304.0,2019-21
Himachal Pradesh,Number of children under age 5,801.0,2019-21
"Jammu, Kashmir & Ladakh",Number of children under age 5,1400.0,2019-21
Jammu & Kashmir,Number of children under age 5,1377.0,2019-21
Ladakh,Number of children under age 5,23.0,2019-21
Punjab,Number of children under age 5,2948.0,2019-21
Rajasthan,Number of children under age 5,11821.0,2019-21
Madhya Pradesh,Number of children under age 5,10083.0,2019-21
Chhattisgarh,Number of children under age 5,4049.0,2019-21
Uttar Pradesh,Number of children under age 5,33061.0,2019-21
Uttarakhand,Number of children under age 5,1240.0,2019-21
Bihar,Number of children under age 5,23615.0,2019-21
Jharkhand,Number of children under age 5,5453.0,2019-21
Odisha,Number of children under age 5,5785.0,2019-21
West Bengal,Number of children under age 5,13309.0,2019-21
Arunachal Pradesh,Number of children under age 5,146.0,2019-21
Assam,Number of children under age 5,4862.0,2019-21
Manipur,Number of children under age 5,386.0,2019-21
Meghalaya,Number of children under age 5,700.0,2019-21
Mizoram,Number of children under age 5,142.0,2019-21
Nagaland,Number of children under age 5,186.0,2019-21
Sikkim,Number of children under age 5,40.0,2019-21
Tripura,Number of children under age 5,511.0,2019-21
Goa,Number of children under age 5,151.0,2019-21
Gujarat,Number of children under age 5,8019.0,2019-21
Maharashtra,Number of children under age 5,14633.0,2019-21
Andhra Pradesh,Number of children under age 5,5628.0,2019-21
Telangana,Number of children under age 5,3661.0,2019-21
Karnataka,Number of children under age 5,7929.0,2019-21
Kerala,Number of children under age 5,3677.0,2019-21
Tamil Nadu,Number of children under age 5,8892.0,2019-21
Andaman and Nicobar Islands,Number of children under age 5,34.0,2019-21
Chandigarh,Number of children under age 5,85.0,2019-21
"Dadra and Nagar Haveli, Daman and Diu",Number of children under age 5,74.0,2019-21
Lakshadweep,Number of children under age 5,8.0,2019-21
Puducherry,Number of children under age 5,120.0,2019-21
New Delhi,Number of children under age 5 (unweighted),2154.0,2019-21
Haryana,Number of children under age 5 (unweighted),5258.0,2019-21
Himachal Pradesh,Number of children under age 5 (unweighted),2208.0,2019-21
"Jammu, Kashmir & Ladakh",Number of children under age 5 (unweighted),5407.0,2019-21
Jammu & Kashmir,Number of children under age 5 (unweighted),4962.0,2019-21
Ladakh,Number of children under age 5 (unweighted),445.0,2019-21
Punjab,Number of children under age 5 (unweighted),4268.0,2019-21
Rajasthan,Number of children under age 5 (unweighted),11602.0,2019-21
Madhya Pradesh,Number of children under age 5 (unweighted),12220.0,2019-21
Chhattisgarh,Number of children under age 5 (unweighted),6790.0,2019-21
Uttar Pradesh,Number of children under age 5 (unweighted),26585.0,2019-21
Uttarakhand,Number of children under age 5 (unweighted),2898.0,2019-21
Bihar,Number of children under age 5 (unweighted),16633.0,2019-21
Jharkhand,Number of children under age 5 (unweighted),7841.0,2019-21
Odisha,Number of children under age 5 (unweighted),6940.0,2019-21
West Bengal,Number of children under age 5 (unweighted),4696.0,2019-21
Arunachal Pradesh,Number of children under age 5 (unweighted),4649.0,2019-21
Assam,Number of children under age 5 (unweighted),8763.0,2019-21
Manipur,Number of children under age 5 (unweighted),2764.0,2019-21
Meghalaya,Number of children under age 5 (unweighted),5523.0,2019-21
Mizoram,Number of children under age 5 (unweighted),2054.0,2019-21
Nagaland,Number of children under age 5 (unweighted),2613.0,2019-21
Sikkim,Number of children under age 5 (unweighted),477.0,2019-21
Tripura,Number of children under age 5 (unweighted),1751.0,2019-21
Goa,Number of children under age 5 (unweighted),275.0,2019-21
Gujarat,Number of children under age 5 (unweighted),8086.0,2019-21
Maharashtra,Number of children under age 5 (unweighted),7764.0,2019-21
Andhra Pradesh,Number of children under age 5 (unweighted),2166.0,2019-21
Telangana,Number of children under age 5 (unweighted),5469.0,2019-21
Karnataka,Number of children under age 5 (unweighted),6634.0,2019-21
Kerala,Number of children under age 5 (unweighted),2242.0,2019-21
Tamil Nadu,Number of children under age 5 (unweighted),5348.0,2019-21
Andaman and Nicobar Islands,Number of children under age 5 (unweighted),385.0,2019-21
Chandigarh,Number of children under age 5 (unweighted),128.0,2019-21
"Dadra and Nagar Haveli, Daman and Diu",Number of children under age 5 (unweighted),664.0,2019-21
Lakshadweep,Number of children under age 5 (unweighted),220.0,2019-21
Puducherry,Number of children under age 5 (unweighted),641.0,2019-21
New Delhi,Women with any anemia,49.9,2019-21
Haryana,Women with any anemia,60.4,2019-21
Himachal Pradesh,Women with any anemia,53.0,2019-21
"Jammu, Kashmir & Ladakh",Women with any anemia,66.4,2019-21
Jammu & Kashmir,Women with any anemia,65.9,2019-21
Ladakh,Women with any anemia,92.8,2019-21
Punjab,Women with any anemia,58.6,2019-21
Rajasthan,Women with any anemia,54.4,2019-21
Madhya Pradesh,Women with any anemia,54.7,2019-21
Chhattisgarh,Women with any anemia,60.8,2019-21
Uttar Pradesh,Women with any anemia,50.4,2019-21
Uttarakhand,Women with any anemia,42.6,2019-21
Bihar,Women with any anemia,63.5,2019-21
Jharkhand,Women with any anemia,65.3,2019-21
Odisha,Women with any anemia,64.3,2019-21
West Bengal,Women with any anemia,71.4,2019-21
Arunachal Pradesh,Women with any anemia,40.3,2019-21
Assam,Women with any anemia,65.9,2019-21
Manipur,Women with any anemia,29.4,2019-21
Meghalaya,Women with any anemia,53.8,2019-21
Mizoram,Women with any anemia,34.8,2019-21
Nagaland,Women with any anemia,28.9,2019-21
Sikkim,Women with any anemia,41.9,2019-21
Tripura,Women with any anemia,67.2,2019-21
Goa,Women with any anemia,38.9,2019-21
Gujarat,Women with any anemia,65.0,2019-21
Maharashtra,Women with any anemia,54.2,2019-21
Andhra Pradesh,Women with any anemia,58.8,2019-21
Telangana,Women with any anemia,57.6,2019-21
Karnataka,Women with any anemia,47.8,2019-21
Kerala,Women with any anemia,36.3,2019-21
Tamil Nadu,Women with any anemia,53.4,2019-21
Andaman and Nicobar Islands,Women with any anemia,57.5,2019-21
Chandigarh,Women with any anemia,60.3,2019-21
"Dadra and Nagar Haveli, Daman and Diu",Women with any anemia,62.5,2019-21
Lakshadweep,Women with any anemia,25.8,2019-21
Puducherry,Women with any anemia,55.1,2019-21
New Delhi,Women with mild anemia,23.1,2019-21
Haryana,Women with mild anemia,25.1,2019-21
Himachal Pradesh,Women with mild anemia,27.1,2019-21
"Jammu, Kashmir & Ladakh",Women with mild anemia,25.1,2019-21
Jammu & Kashmir,Women with mild anemia,25.3,2019-21
Ladakh,Women with mild anemia,13.5,2019-21
Punjab,Women with mild anemia,24.6,2019-21
Rajasthan,Women with mild anemia,24.1,2019-21
Madhya Pradesh,Women with mild anemia,25.7,2019-21
Chhattisgarh,Women with mild anemia,27.1,2019-21
Uttar Pradesh,Women with mild anemia,24.3,2019-21
Uttarakhand,Women with mild anemia,21.2,2019-21
Bihar,Women with mild anemia,29.7,2019-21
Jharkhand,Women with mild anemia,29.4,2019-21
Odisha,Women with mild anemia,29.0,2019-21
West Bengal,Women with mild anemia,30.1,2019-21
Arunachal Pradesh,Women with mild anemia,22.0,2019-21
Assam,Women with mild anemia,28.8,2019-21
Manipur,Women with mild anemia,18.5,2019-21
Meghalaya,Women with mild anemia,23.6,2019-21
Mizoram,Women with mild anemia,19.5,2019-21
Nagaland,Women with mild anemia,17.9,2019-21
Sikkim,Women with mild anemia,20.2,2019-21
Tripura,Women with mild anemia,30.9,2019-21
Goa,Women with mild anemia,23.2,2019-21
Gujarat,Women with mild anemia,25.9,2019-21
Maharashtra,Women with mild anemia,24.1,2019-21
Andhra Pradesh,Women with mild anemia,25.1,2019-21
Telangana,Women with mild anemia,22.1,2019-21
Karnataka,Women with mild anemia,22.1,2019-21
Kerala,Women with mild anemia,21.0,2019-21
Tamil Nadu,Women with mild anemia,23.9,2019-21
Andaman and Nicobar Islands,Women with mild anemia,26.5,2019-21
Chandigarh,Women with mild anemia,28.2,2019-21
"Dadra and Nagar Haveli, Daman and Diu",Women with mild anemia,29.5,2019-21
Lakshadweep,Women with mild anemia,14.3,2019-21
Puducherry,Women with mild anemia,24.0,2019-21
New Delhi,Women with moderate anemia,24.0,2019-21
Haryana,Women with moderate anemia,31.5,2019-21
Himachal Pradesh,Women with moderate anemia,24.1,2019-21
"Jammu, Kashmir & Ladakh",Women with moderate anemia,38.0,2019-21
Jammu & Kashmir,Women with moderate anemia,37.8,2019-21
Ladakh,Women with moderate anemia,49.9,2019-21
Punjab,Women with moderate anemia,31.1,2019-21
Rajasthan,Women with moderate anemia,27.9,2019-21
Madhya Pradesh,Women with moderate anemia,26.6,2019-21
Chhattisgarh,Women with moderate anemia,31.2,2019-21
Uttar Pradesh,Women with moderate anemia,23.9,2019-21
Uttarakhand,Women with moderate anemia,19.1,2019-21
Bihar,Women with moderate anemia,31.7,2019-21
Jharkhand,Women with moderate anemia,34.0,2019-21
Odisha,Women with moderate anemia,32.8,2019-21
West Bengal,Women with moderate anemia,39.0,2019-21
Arunachal Pradesh,Women with moderate anemia,17.0,2019-21
Assam,Women with moderate anemia,34.8,2019-21
Manipur,Women with moderate anemia,9.9,2019-21
Meghalaya,Women with moderate anemia,27.8,2019-21
Mizoram,Women with moderate anemia,14.0,2019-21
Nagaland,Women with moderate anemia,10.3,2019-21
Sikkim,Women with moderate anemia,19.4,2019-21
Tripura,Women with moderate anemia,34.2,2019-21
Goa,Women with moderate anemia,14.8,2019-21
Gujarat,Women with moderate anemia,35.2,2019-21
Maharashtra,Women with moderate anemia,27.3,2019-21
Andhra Pradesh,Women with moderate anemia,29.1,2019-21
Telangana,Women with moderate anemia,30.8,2019-21
Karnataka,Women with moderate anemia,22.7,2019-21
Kerala,Women with moderate anemia,14.1,2019-21
Tamil Nadu,Women with moderate anemia,25.9,2019-21
Andaman and Nicobar Islands,Women with moderate anemia,28.1,2019-21
Chandigarh,Women with moderate anemia,29.3,2019-21
"Dadra and Nagar Haveli, Daman and Diu",Women with moderate anemia,30.8,2019-21
Lakshadweep,Women with moderate anemia,10.8,2019-21
Puducherry,Women with moderate anemia,27.5,2019-21
New Delhi,Women with severe anemia,2.9,2019-21
Haryana,Women with severe anemia,3.9,2019-21
Himachal Pradesh,Women with severe anemia,1.8,2019-21
"Jammu, Kashmir & Ladakh",Women with severe anemia,3.3,2019-21
Jammu & Kashmir,Women with severe anemia,2.8,2019-21
Ladakh,Women with severe anemia,29.4,2019-21
Punjab,Women with severe anemia,3.0,2019-21
Rajasthan,Women with severe anemia,2.3,2019-21
Madhya Pradesh,Women with severe anemia,2.3,2019-21
Chhattisgarh,Women with severe anemia,2.6,2019-21
Uttar Pradesh,Women with severe anemia,2.1,2019-21
Uttarakhand,Women with severe anemia,2.3,2019-21
Bihar,Women with severe anemia,2.1,2019-21
Jharkhand,Women with severe anemia,1.9,2019-21
Odisha,Women with severe anemia,2.5,2019-21
West Bengal,Women with severe anemia,2.2,2019-21
Arunachal Pradesh,Women with severe anemia,1.3,2019-21
Assam,Women with severe anemia,2.3,2019-21
Manipur,Women with severe anemia,1.0,2019-21
Meghalaya,Women with severe anemia,2.4,2019-21
Mizoram,Women with severe anemia,1.3,2019-21
Nagaland,Women with severe anemia,0.7,2019-21
Sikkim,Women with severe anemia,2.3,2019-21
Tripura,Women with severe anemia,2.1,2019-21
Goa,Women with severe anemia,1.0,2019-21
Gujarat,Women with severe anemia,3.9,2019-21
Maharashtra,Women with severe anemia,2.8,2019-21
Andhra Pradesh,Women with severe anemia,4.6,2019-21
Telangana,Women with severe anemia,4.8,2019-21
Karnataka,Women with severe anemia,2.9,2019-21
Kerala,Women with severe anemia,1.2,2019-21
Tamil Nadu,Women with severe anemia,3.5,2019-21
Andaman and Nicobar Islands,Women with severe anemia,2.9,2019-21
Chandigarh,Women with severe anemia,2.8,2019-21
"Dadra and Nagar Haveli, Daman and Diu",Women with severe anemia,2.2,2019-21
Lakshadweep,Women with severe anemia,0.7,2019-21
Puducherry,Women with severe anemia,3.7,2019-21
New Delhi,Number of women,9713.0,2019-21
Haryana,Number of women,13132.0,2019-21
Himachal Pradesh,Number of women,3786.0,2019-21
"Jammu, Kashmir & Ladakh",Number of women,6499.0,2019-21
Jammu & Kashmir,Number of women,6381.0,2019-21
Ladakh,Number of women,117.0,2019-21
Punjab,Number of women,13918.0,2019-21
Rajasthan,Number of women,42774.0,2019-21
Madhya Pradesh,Number of women,38569.0,2019-21
Chhattisgarh,Number of women,16606.0,2019-21
Uttar Pradesh,Number of women,111650.0,2019-21
Uttarakhand,Number of women,5471.0,2019-21
Bihar,Number of women,59040.0,2019-21
Jharkhand,Number of women,17620.0,2019-21
Odisha,Number of women,23340.0,2019-21
West Bengal,Number of women,58034.0,2019-21
Arunachal Pradesh,Number of women,579.0,2019-21
Assam,Number of women,18534.0,2019-21
Manipur,Number of women,1248.0,2019-21
Meghalaya,Number of women,1701.0,2019-21
Mizoram,Number of women,555.0,2019-21
Nagaland,Number of women,752.0,2019-21
Sikkim,Number of women,304.0,2019-21
Tripura,Number of women,2164.0,2019-21
Goa,Number of women,1031.0,2019-21
Gujarat,Number of women,32362.0,2019-21
Maharashtra,Number of women,62135.0,2019-21
Andhra Pradesh,Number of women,27226.0,2019-21
Telangana,Number of women,17411.0,2019-21
Karnataka,Number of women,35761.0,2019-21
Kerala,Number of women,17170.0,2019-21
Tamil Nadu,Number of women,41293.0,2019-21
Andaman and Nicobar Islands,Number of women,195.0,2019-21
Chandigarh,Number of women,494.0,2019-21
"Dadra and Nagar Haveli, Daman and Diu",Number of women,257.0,2019-21
Lakshadweep,Number of women,43.0,2019-21
Puducherry,Number of women,668.0,2019-21
New Delhi,Number of women (unweighted),9811.0,2019-21
Haryana,Number of women (unweighted),20432.0,2019-21
Himachal Pradesh,Number of women (unweighted),10158.0,2019-21
"Jammu, Kashmir & Ladakh",Number of women (unweighted),24558.0,2019-21
Jammu & Kashmir,Number of women (unweighted),22262.0,2019-21
Ladakh,Number of women (unweighted),2296.0,2019-21
Punjab,Number of women (unweighted),19792.0,2019-21
Rajasthan,Number of women (unweighted),41691.0,2019-21
Madhya Pradesh,Number of women (unweighted),44981.0,2019-21
Chhattisgarh,Number of women (unweighted),27404.0,2019-21
Uttar Pradesh,Number of women (unweighted),87226.0,2019-21
Uttarakhand,Number of women (unweighted),12463.0,2019-21
Bihar,Number of women (unweighted),40851.0,2019-21
Jharkhand,Number of women (unweighted),25169.0,2019-21
Odisha,Number of women (unweighted),27134.0,2019-21
West Bengal,Number of women (unweighted),20642.0,2019-21
Arunachal Pradesh,Number of women (unweighted),19236.0,2019-21
Assam,Number of women (unweighted),33843.0,2019-21
Manipur,Number of women (unweighted),7898.0,2019-21
Meghalaya,Number of women (unweighted),12712.0,2019-21
Mizoram,Number of women (unweighted),7111.0,2019-21
Nagaland,Number of women (unweighted),9461.0,2019-21
Sikkim,Number of women (unweighted),3046.0,2019-21
Tripura,Number of women (unweighted),7128.0,2019-21
Goa,Number of women (unweighted),1949.0,2019-21
Gujarat,Number of women (unweighted),32469.0,2019-21
Maharashtra,Number of women (unweighted),32245.0,2019-21
Andhra Pradesh,Number of women (unweighted),10448.0,2019-21
Telangana,Number of women (unweighted),25694.0,2019-21
Karnataka,Number of women (unweighted),29052.0,2019-21
Kerala,Number of women (unweighted),10440.0,2019-21
Tamil Nadu,Number of women (unweighted),24730.0,2019-21
Andaman and Nicobar Islands,Number of women (unweighted),2339.0,2019-21
Chandigarh,Number of women (unweighted),630.0,2019-21
"Dadra and Nagar Haveli, Daman and Diu",Number of women (unweighted),2613.0,2019-21
Lakshadweep,Number of women (unweighted),1202.0,2019-21
Puducherry,Number of women (unweighted),3595.0,2019-21
New Delhi,Men with any anemia,12.8,2019-21
Haryana,Men with any anemia,19.0,2019-21
Himachal Pradesh,Men with any anemia,18.6,2019-21
"Jammu, Kashmir & Ladakh",Men with any anemia,37.4,2019-21
Jammu & Kashmir,Men with any anemia,36.7,2019-21
Ladakh,Men with any anemia,75.6,2019-21
Punjab,Men with any anemia,22.6,2019-21
Rajasthan,Men with any anemia,23.2,2019-21
Madhya Pradesh,Men with any anemia,22.5,2019-21
Chhattisgarh,Men with any anemia,27.0,2019-21
Uttar Pradesh,Men with any anemia,21.4,2019-21
Uttarakhand,Men with any anemia,15.1,2019-21
Bihar,Men with any anemia,29.5,2019-21
Jharkhand,Men with any anemia,29.6,2019-21
Odisha,Men with any anemia,28.5,2019-21
West Bengal,Men with any anemia,39.0,2019-21
Arunachal Pradesh,Men with any anemia,21.4,2019-21
Assam,Men with any anemia,36.0,2019-21
Manipur,Men with any anemia,6.0,2019-21
Meghalaya,Men with any anemia,25.5,2019-21
Mizoram,Men with any anemia,15.6,2019-21
Nagaland,Men with any anemia,10.0,2019-21
Sikkim,Men with any anemia,18.7,2019-21
Tripura,Men with any anemia,36.8,2019-21
Goa,Men with any anemia,12.0,2019-21
Gujarat,Men with any anemia,26.6,2019-21
Maharashtra,Men with any anemia,21.9,2019-21
Andhra Pradesh,Men with any anemia,16.3,2019-21
Telangana,Men with any anemia,15.3,2019-21
Karnataka,Men with any anemia,19.6,2019-21
Kerala,Men with any anemia,17.6,2019-21
Tamil Nadu,Men with any anemia,15.2,2019-21
Andaman and Nicobar Islands,Men with any anemia,16.1,2019-21
Chandigarh,Men with any anemia,9.2,2019-21
"Dadra and Nagar Haveli, Daman and Diu",Men with any anemia,24.6,2019-21
Lakshadweep,Men with any anemia,5.6,2019-21
Puducherry,Men with any anemia,19.5,2019-21
New Delhi,Number of men,655.0,2019-21
Haryana,Number of men,840.0,2019-21
Himachal Pradesh,Number of men,695.0,2019-21
"Jammu, Kashmir & Ladakh",Number of men,1261.0,2019-21
Jammu & Kashmir,Number of men,1239.0,2019-21
Ladakh,Number of men,22.0,2019-21
Punjab,Number of men,965.0,2019-21
Rajasthan,Number of men,2593.0,2019-21
Madhya Pradesh,Number of men,2347.0,2019-21
Chhattisgarh,Number of men,1019.0,2019-21
Uttar Pradesh,Number of men,6092.0,2019-21
Uttarakhand,Number of men,286.0,2019-21
Bihar,Number of men,9282.0,2019-21
Jharkhand,Number of men,945.0,2019-21
Odisha,Number of men,1288.0,2019-21
West Bengal,Number of men,10559.0,2019-21
Arunachal Pradesh,Number of men,32.0,2019-21
Assam,Number of men,3528.0,2019-21
Manipur,Number of men,246.0,2019-21
Meghalaya,Number of men,310.0,2019-21
Mizoram,Number of men,107.0,2019-21
Nagaland,Number of men,146.0,2019-21
Sikkim,Number of men,57.0,2019-21
Tripura,Number of men,414.0,2019-21
Goa,Number of men,176.0,2019-21
Gujarat,Number of men,7083.0,2019-21
Maharashtra,Number of men,13143.0,2019-21
Andhra Pradesh,Number of men,5191.0,2019-21
Telangana,Number of men,3153.0,2019-21
Karnataka,Number of men,6984.0,2019-21
Kerala,Number of men,3013.0,2019-21
Tamil Nadu,Number of men,2219.0,2019-21
Andaman and Nicobar Islands,Number of men,42.0,2019-21
Chandigarh,Number of men,41.0,2019-21
"Dadra and Nagar Haveli, Daman and Diu",Number of men,65.0,2019-21
Lakshadweep,Number of men,6.0,2019-21
Puducherry,Number of men,38.0,2019-21
New Delhi,Number of men (unweighted),1317.0,2019-21
Haryana,Number of men (unweighted),2714.0,2019-21
Himachal Pradesh,Number of men (unweighted),1282.0,2019-21
"Jammu, Kashmir & Ladakh",Number of men (unweighted),3015.0,2019-21
Jammu & Kashmir,Number of men (unweighted),2741.0,2019-21
Ladakh,Number of men (unweighted),274.0,2019-21
Punjab,Number of men (unweighted),2666.0,2019-21
Rajasthan,Number of men (unweighted),5563.0,2019-21
Madhya Pradesh,Number of men (unweighted),5851.0,2019-21
Chhattisgarh,Number of men (unweighted),3652.0,2019-21
Uttar Pradesh,Number of men (unweighted),10140.0,2019-21
Uttarakhand,Number of men (unweighted),1287.0,2019-21
Bihar,Number of men (unweighted),4180.0,2019-21
Jharkhand,Number of men (unweighted),2897.0,2019-21
Odisha,Number of men (unweighted),3325.0,2019-21
West Bengal,Number of men (unweighted),2557.0,2019-21
Arunachal Pradesh,Number of men (unweighted),2465.0,2019-21
Assam,Number of men (unweighted),4322.0,2019-21
Manipur,Number of men (unweighted),1034.0,2019-21
Meghalaya,Number of men (unweighted),1648.0,2019-21
Mizoram,Number of men (unweighted),990.0,2019-21
Nagaland,Number of men (unweighted),1267.0,2019-21
Sikkim,Number of men (unweighted),395.0,2019-21
Tripura,Number of men (unweighted),873.0,2019-21
Goa,Number of men (unweighted),255.0,2019-21
Gujarat,Number of men (unweighted),4742.0,2019-21
Maharashtra,Number of men (unweighted),4631.0,2019-21
Andhra Pradesh,Number of men (unweighted),1289.0,2019-21
Telangana,Number of men (unweighted),3134.0,2019-21
Karnataka,Number of men (unweighted),3715.0,2019-21
Kerala,Number of men (unweighted),1207.0,2019-21
Tamil Nadu,Number of men (unweighted),2824.0,2019-21
Andaman and Nicobar Islands,Number of men (unweighted),327.0,2019-21
Chandigarh,Number of men (unweighted),85.0,2019-21
"Dadra and Nagar Haveli, Daman and Diu",Number of men (unweighted),372.0,2019-21
Lakshadweep,Number of men (unweighted),121.0,2019-21
Puducherry,Number of men (unweighted),440.0,2019-21
New Delhi,Children with hemoglobin lower than 8.0 g/dl,10.5,2019-21
Haryana,Children with hemoglobin lower than 8.0 g/dl,9.6,2019-21
Himachal Pradesh,Children with hemoglobin lower than 8.0 g/dl,5.0,2019-21
"Jammu, Kashmir & Ladakh",Children with hemoglobin lower than 8.0 g/dl,10.9,2019-21
Jammu & Kashmir,Children with hemoglobin lower than 8.0 g/dl,10.1,2019-21
Ladakh,Children with hemoglobin lower than 8.0 g/dl,56.0,2019-21
Punjab,Children with hemoglobin lower than 8.0 g/dl,11.2,2019-21
Rajasthan,Children with hemoglobin lower than 8.0 g/dl,6.3,2019-21
Madhya Pradesh,Children with hemoglobin lower than 8.0 g/dl,9.3,2019-21
Chhattisgarh,Children with hemoglobin lower than 8.0 g/dl,5.9,2019-21
Uttar Pradesh,Children with hemoglobin lower than 8.0 g/dl,6.8,2019-21
Uttarakhand,Children with hemoglobin lower than 8.0 g/dl,7.4,2019-21
Bihar,Children with hemoglobin lower than 8.0 g/dl,5.9,2019-21
Jharkhand,Children with hemoglobin lower than 8.0 g/dl,4.5,2019-21
Odisha,Children with hemoglobin lower than 8.0 g/dl,4.3,2019-21
West Bengal,Children with hemoglobin lower than 8.0 g/dl,3.6,2019-21
Arunachal Pradesh,Children with hemoglobin lower than 8.0 g/dl,4.9,2019-21
Assam,Children with hemoglobin lower than 8.0 g/dl,3.0,2019-21
Manipur,Children with hemoglobin lower than 8.0 g/dl,1.8,2019-21
Meghalaya,Children with hemoglobin lower than 8.0 g/dl,1.8,2019-21
Mizoram,Children with hemoglobin lower than 8.0 g/dl,1.7,2019-21
Nagaland,Children with hemoglobin lower than 8.0 g/dl,1.2,2019-21
Sikkim,Children with hemoglobin lower than 8.0 g/dl,3.9,2019-21
Tripura,Children with hemoglobin lower than 8.0 g/dl,2.2,2019-21
Goa,Children with hemoglobin lower than 8.0 g/dl,4.5,2019-21
Gujarat,Children with hemoglobin lower than 8.0 g/dl,9.1,2019-21
Maharashtra,Children with hemoglobin lower than 8.0 g/dl,7.9,2019-21
Andhra Pradesh,Children with hemoglobin lower than 8.0 g/dl,8.0,2019-21
Telangana,Children with hemoglobin lower than 8.0 g/dl,10.2,2019-21
Karnataka,Children with hemoglobin lower than 8.0 g/dl,7.4,2019-21
Kerala,Children with hemoglobin lower than 8.0 g/dl,2.1,2019-21
Tamil Nadu,Children with hemoglobin lower than 8.0 g/dl,6.2,2019-21
Andaman and Nicobar Islands,Children with hemoglobin lower than 8.0 g/dl,1.1,2019-21
Chandigarh,Children with hemoglobin lower than 8.0 g/dl,4.4,2019-21
"Dadra and Nagar Haveli, Daman and Diu",Children with hemoglobin lower than 8.0 g/dl,7.2,2019-21
Lakshadweep,Children with hemoglobin lower than 8.0 g/dl,0.5,2019-21
Puducherry,Children with hemoglobin lower than 8.0 g/dl,7.8,2019-21
New Delhi,Number of children age 6-59 months,2108.0,2019-21
Haryana,Number of children age 6-59 months,3304.0,2019-21
Himachal Pradesh,Number of children age 6-59 months,801.0,2019-21
"Jammu, Kashmir & Ladakh",Number of children age 6-59 months,1400.0,2019-21
Jammu & Kashmir,Number of children age 6-59 months,1377.0,2019-21
Ladakh,Number of children age 6-59 months,23.0,2019-21
Punjab,Number of children age 6-59 months,2948.0,2019-21
Rajasthan,Number of children age 6-59 months,11821.0,2019-21
Madhya Pradesh,Number of children age 6-59 months,10083.0,2019-21
Chhattisgarh,Number of children age 6-59 months,4049.0,2019-21
Uttar Pradesh,Number of children age 6-59 months,33061.0,2019-21
Uttarakhand,Number of children age 6-59 months,1240.0,2019-21
Bihar,Number of children age 6-59 months,23615.0,2019-21
Jharkhand,Number of children age 6-59 months,5453.0,2019-21
Odisha,Number of children age 6-59 months,5785.0,2019-21
West Bengal,Number of children age 6-59 months,13309.0,2019-21
Arunachal Pradesh,Number of children age 6-59 months,146.0,2019-21
Assam,Number of children age 6-59 months,4862.0,2019-21
Manipur,Number of children age 6-59 months,386.0,2019-21
Meghalaya,Number of children age 6-59 months,700.0,2019-21
Mizoram,Number of children age 6-59 months,142.0,2019-21
Nagaland,Number of children age 6-59 months,186.0,2019-21
Sikkim,Number of children age 6-59 months,40.0,2019-21
Tripura,Number of children age 6-59 months,511.0,2019-21
Goa,Number of children age 6-59 months,151.0,2019-21
Gujarat,Number of children age 6-59 months,8019.0,2019-21
Maharashtra,Number of children age 6-59 months,14633.0,2019-21
Andhra Pradesh,Number of children age 6-59 months,5628.0,2019-21
Telangana,Number of children age 6-59 months,3661.0,2019-21
Karnataka,Number of children age 6-59 months,7929.0,2019-21
Kerala,Number of children age 6-59 months,3677.0,2019-21
Tamil Nadu,Number of children age 6-59 months,8892.0,2019-21
Andaman and Nicobar Islands,Number of children age 6-59 months,34.0,2019-21
Chandigarh,Number of children age 6-59 months,85.0,2019-21
"Dadra and Nagar Haveli, Daman and Diu",Number of children age 6-59 months,74.0,2019-21
Lakshadweep,Number of children age 6-59 months,8.0,2019-21
Puducherry,Number of children age 6-59 months,120.0,2019-21
New Delhi,Number of children age 6-59 months (unweighted),2154.0,2019-21
Haryana,Number of children age 6-59 months (unweighted),5258.0,2019-21
Himachal Pradesh,Number of children age 6-59 months (unweighted),2208.0,2019-21
"Jammu, Kashmir & Ladakh",Number of children age 6-59 months (unweighted),5407.0,2019-21
Jammu & Kashmir,Number of children age 6-59 months (unweighted),4962.0,2019-21
Ladakh,Number of children age 6-59 months (unweighted),445.0,2019-21
Punjab,Number of children age 6-59 months (unweighted),4268.0,2019-21
Rajasthan,Number of children age 6-59 months (unweighted),11602.0,2019-21
Madhya Pradesh,Number of children age 6-59 months (unweighted),12220.0,2019-21
Chhattisgarh,Number of children age 6-59 months (unweighted),6790.0,2019-21
Uttar Pradesh,Number of children age 6-59 months (unweighted),26585.0,2019-21
Uttarakhand,Number of children age 6-59 months (unweighted),2898.0,2019-21
Bihar,Number of children age 6-59 months (unweighted),16633.0,2019-21
Jharkhand,Number of children age 6-59 months (unweighted),7841.0,2019-21
Odisha,Number of children age 6-59 months (unweighted),6940.0,2019-21
West Bengal,Number of children age 6-59 months (unweighted),4696.0,2019-21
Arunachal Pradesh,Number of children age 6-59 months (unweighted),4649.0,2019-21
Assam,Number of children age 6-59 months (unweighted),8763.0,2019-21
Manipur,Number of children age 6-59 months (unweighted),2764.0,2019-21
Meghalaya,Number of children age 6-59 months (unweighted),5523.0,2019-21
Mizoram,Number of children age 6-59 months (unweighted),2054.0,2019-21
Nagaland,Number of children age 6-59 months (unweighted),2613.0,2019-21
Sikkim,Number of children age 6-59 months (unweighted),477.0,2019-21
Tripura,Number of children age 6-59 months (unweighted),1751.0,2019-21
Goa,Number of children age 6-59 months (unweighted),275.0,2019-21
Gujarat,Number of children age 6-59 months (unweighted),8086.0,2019-21
Maharashtra,Number of children age 6-59 months (unweighted),7764.0,2019-21
Andhra Pradesh,Number of children age 6-59 months (unweighted),2166.0,2019-21
Telangana,Number of children age 6-59 months (unweighted),5469.0,2019-21
Karnataka,Number of children age 6-59 months (unweighted),6634.0,2019-21
Kerala,Number of children age 6-59 months (unweighted),2242.0,2019-21
Tamil Nadu,Number of children age 6-59 months (unweighted),5348.0,2019-21
Andaman and Nicobar Islands,Number of children age 6-59 months (unweighted),385.0,2019-21
Chandigarh,Number of children age 6-59 months (unweighted),128.0,2019-21
"Dadra and Nagar Haveli, Daman and Diu",Number of children age 6-59 months (unweighted),664.0,2019-21
Lakshadweep,Number of children age 6-59 months (unweighted),220.0,2019-21
Puducherry,Number of children age 6-59 months (unweighted),641.0,2019-21
New Delhi,Antenatal care provider: Doctor,80.6,2015-16
Haryana,Antenatal care provider: Doctor,48.3,2015-16
Himachal Pradesh,Antenatal care provider: Doctor,77.4,2015-16
"Jammu, Kashmir & Ladakh",Antenatal care provider: Doctor,82.4,2015-16
Punjab,Antenatal care provider: Doctor,59.3,2015-16
Rajasthan,Antenatal care provider: Doctor,56.3,2015-16
Madhya Pradesh,Antenatal care provider: Doctor,31.5,2015-16
Chhattisgarh,Antenatal care provider: Doctor,43.6,2015-16
Uttar Pradesh,Antenatal care provider: Doctor,38.6,2015-16
Uttarakhand,Antenatal care provider: Doctor,53.4,2015-16
Bihar,Antenatal care provider: Doctor,30.8,2015-16
Jharkhand,Antenatal care provider: Doctor,39.0,2015-16
Odisha,Antenatal care provider: Doctor,75.8,2015-16
West Bengal,Antenatal care provider: Doctor,80.0,2015-16
Arunachal Pradesh,Antenatal care provider: Doctor,45.7,2015-16
Assam,Antenatal care provider: Doctor,58.4,2015-16
Manipur,Antenatal care provider: Doctor,86.3,2015-16
Meghalaya,Antenatal care provider: Doctor,62.5,2015-16
Mizoram,Antenatal care provider: Doctor,68.0,2015-16
Nagaland,Antenatal care provider: Doctor,34.5,2015-16
Sikkim,Antenatal care provider: Doctor,69.7,2015-16
Tripura,Antenatal care provider: Doctor,91.7,2015-16
Goa,Antenatal care provider: Doctor,87.9,2015-16
Gujarat,Antenatal care provider: Doctor,71.8,2015-16
Maharashtra,Antenatal care provider: Doctor,77.1,2015-16
Andhra Pradesh,Antenatal care provider: Doctor,89.9,2015-16
Telangana,Antenatal care provider: Doctor,86.1,2015-16
Karnataka,Antenatal care provider: Doctor,82.7,2015-16
Kerala,Antenatal care provider: Doctor,98.9,2015-16
Tamil Nadu,Antenatal care provider: Doctor,82.8,2015-16
Andaman and Nicobar Islands,Antenatal care provider: Doctor,24.7,2015-16
Chandigarh,Antenatal care provider: Doctor,50.5,2015-16
Dadra and Nagar Haveli,Antenatal care provider: Doctor,58.3,2015-16
Daman and Diu,Antenatal care provider: Doctor,67.4,2015-16
Lakshadweep,Antenatal care provider: Doctor,100.0,2015-16
Puducherry,Antenatal care provider: Doctor,88.8,2015-16
New Delhi,Antenatal care provider: Nurse/midwife,10.2,2015-16
Haryana,Antenatal care provider: Nurse/midwife,30.2,2015-16
Himachal Pradesh,Antenatal care provider: Nurse/midwife,14.5,2015-16
"Jammu, Kashmir & Ladakh",Antenatal care provider: Nurse/midwife,8.7,2015-16
Punjab,Antenatal care provider: Nurse/midwife,35.5,2015-16
Rajasthan,Antenatal care provider: Nurse/midwife,28.2,2015-16
Madhya Pradesh,Antenatal care provider: Nurse/midwife,38.9,2015-16
Chhattisgarh,Antenatal care provider: Nurse/midwife,48.7,2015-16
Uttar Pradesh,Antenatal care provider: Nurse/midwife,36.8,2015-16
Uttarakhand,Antenatal care provider: Nurse/midwife,22.8,2015-16
Bihar,Antenatal care provider: Nurse/midwife,19.8,2015-16
Jharkhand,Antenatal care provider: Nurse/midwife,30.8,2015-16
Odisha,Antenatal care provider: Nurse/midwife,7.2,2015-16
West Bengal,Antenatal care provider: Nurse/midwife,8.2,2015-16
Arunachal Pradesh,Antenatal care provider: Nurse/midwife,10.3,2015-16
Assam,Antenatal care provider: Nurse/midwife,24.2,2015-16
Manipur,Antenatal care provider: Nurse/midwife,2.1,2015-16
Meghalaya,Antenatal care provider: Nurse/midwife,19.8,2015-16
Mizoram,Antenatal care provider: Nurse/midwife,19.7,2015-16
Nagaland,Antenatal care provider: Nurse/midwife,10.2,2015-16
Sikkim,Antenatal care provider: Nurse/midwife,23.5,2015-16
Tripura,Antenatal care provider: Nurse/midwife,1.2,2015-16
Goa,Antenatal care provider: Nurse/midwife,6.2,2015-16
Gujarat,Antenatal care provider: Nurse/midwife,9.7,2015-16
Maharashtra,Antenatal care provider: Nurse/midwife,14.2,2015-16
Andhra Pradesh,Antenatal care provider: Nurse/midwife,7.5,2015-16
Telangana,Antenatal care provider: Nurse/midwife,7.7,2015-16
Karnataka,Antenatal care provider: Nurse/midwife,5.6,2015-16
Kerala,Antenatal care provider: Nurse/midwife,0.2,2015-16
Tamil Nadu,Antenatal care provider: Nurse/midwife,8.6,2015-16
Andaman and Nicobar Islands,Antenatal care provider: Nurse/midwife,72.7,2015-16
Chandigarh,Antenatal care provider: Nurse/midwife,47.4,2015-16
Dadra and Nagar Haveli,Antenatal care provider: Nurse/midwife,26.8,2015-16
Daman and Diu,Antenatal care provider: Nurse/midwife,15.5,2015-16
Lakshadweep,Antenatal care provider: Nurse/midwife,0.0,2015-16
Puducherry,Antenatal care provider: Nurse/midwife,9.4,2015-16
New Delhi,Antenatal care provider: Community health worker,0.8,2015-16
Haryana,Antenatal care provider: Community health worker,2.5,2015-16
Himachal Pradesh,Antenatal care provider: Community health worker,0.4,2015-16
"Jammu, Kashmir & Ladakh",Antenatal care provider: Community health worker,0.3,2015-16
Punjab,Antenatal care provider: Community health worker,1.3,2015-16
Rajasthan,Antenatal care provider: Community health worker,2.4,2015-16
Madhya Pradesh,Antenatal care provider: Community health worker,6.9,2015-16
Chhattisgarh,Antenatal care provider: Community health worker,4.0,2015-16
Uttar Pradesh,Antenatal care provider: Community health worker,1.6,2015-16
Uttarakhand,Antenatal care provider: Community health worker,1.2,2015-16
Bihar,Antenatal care provider: Community health worker,4.7,2015-16
Jharkhand,Antenatal care provider: Community health worker,5.9,2015-16
Odisha,Antenatal care provider: Community health worker,7.8,2015-16
West Bengal,Antenatal care provider: Community health worker,1.5,2015-16
Arunachal Pradesh,Antenatal care provider: Community health worker,0.0,2015-16
Assam,Antenatal care provider: Community health worker,1.3,2015-16
Manipur,Antenatal care provider: Community health worker,0.1,2015-16
Meghalaya,Antenatal care provider: Community health worker,0.6,2015-16
Mizoram,Antenatal care provider: Community health worker,0.2,2015-16
Nagaland,Antenatal care provider: Community health worker,0.2,2015-16
Sikkim,Antenatal care provider: Community health worker,0.1,2015-16
Tripura,Antenatal care provider: Community health worker,0.1,2015-16
Goa,Antenatal care provider: Community health worker,3.3,2015-16
Gujarat,Antenatal care provider: Community health worker,3.2,2015-16
Maharashtra,Antenatal care provider: Community health worker,0.8,2015-16
Andhra Pradesh,Antenatal care provider: Community health worker,1.2,2015-16
Telangana,Antenatal care provider: Community health worker,2.8,2015-16
Karnataka,Antenatal care provider: Community health worker,1.0,2015-16
Kerala,Antenatal care provider: Community health worker,0.2,2015-16
Tamil Nadu,Antenatal care provider: Community health worker,0.6,2015-16
Andaman and Nicobar Islands,Antenatal care provider: Community health worker,0.0,2015-16
Chandigarh,Antenatal care provider: Community health worker,0.0,2015-16
Dadra and Nagar Haveli,Antenatal care provider: Community health worker,1.7,2015-16
Daman and Diu,Antenatal care provider: Community health worker,2.5,2015-16
Lakshadweep,Antenatal care provider: Community health worker,0.0,2015-16
Puducherry,Antenatal care provider: Community health worker,0.2,2015-16
New Delhi,Antenatal care provider: Traditional birth attendant,0.4,2015-16
Haryana,Antenatal care provider: Traditional birth attendant,0.5,2015-16
Himachal Pradesh,Antenatal care provider: Traditional birth attendant,0.6,2015-16
"Jammu, Kashmir & Ladakh",Antenatal care provider: Traditional birth attendant,0.7,2015-16
Punjab,Antenatal care provider: Traditional birth attendant,0.4,2015-16
Rajasthan,Antenatal care provider: Traditional birth attendant,0.1,2015-16
Madhya Pradesh,Antenatal care provider: Traditional birth attendant,0.4,2015-16
Chhattisgarh,Antenatal care provider: Traditional birth attendant,0.1,2015-16
Uttar Pradesh,Antenatal care provider: Traditional birth attendant,0.4,2015-16
Uttarakhand,Antenatal care provider: Traditional birth attendant,0.8,2015-16
Bihar,Antenatal care provider: Traditional birth attendant,0.4,2015-16
Jharkhand,Antenatal care provider: Traditional birth attendant,0.3,2015-16
Odisha,Antenatal care provider: Traditional birth attendant,0.3,2015-16
West Bengal,Antenatal care provider: Traditional birth attendant,0.3,2015-16
Arunachal Pradesh,Antenatal care provider: Traditional birth attendant,0.0,2015-16
Assam,Antenatal care provider: Traditional birth attendant,0.3,2015-16
Manipur,Antenatal care provider: Traditional birth attendant,0.6,2015-16
Meghalaya,Antenatal care provider: Traditional birth attendant,0.9,2015-16
Mizoram,Antenatal care provider: Traditional birth attendant,0.2,2015-16
Nagaland,Antenatal care provider: Traditional birth attendant,0.7,2015-16
Sikkim,Antenatal care provider: Traditional birth attendant,0.0,2015-16
Tripura,Antenatal care provider: Traditional birth attendant,0.0,2015-16
Goa,Antenatal care provider: Traditional birth attendant,0.0,2015-16
Gujarat,Antenatal care provider: Traditional birth attendant,0.3,2015-16
Maharashtra,Antenatal care provider: Traditional birth attendant,0.2,2015-16
Andhra Pradesh,Antenatal care provider: Traditional birth attendant,0.0,2015-16
Telangana,Antenatal care provider: Traditional birth attendant,0.0,2015-16
Karnataka,Antenatal care provider: Traditional birth attendant,0.0,2015-16
Kerala,Antenatal care provider: Traditional birth attendant,0.0,2015-16
Tamil Nadu,Antenatal care provider: Traditional birth attendant,0.0,2015-16
Andaman and Nicobar Islands,Antenatal care provider: Traditional birth attendant,0.0,2015-16
Chandigarh,Antenatal care provider: Traditional birth attendant,0.0,2015-16
Dadra and Nagar Haveli,Antenatal care provider: Traditional birth attendant,0.0,2015-16
Daman and Diu,Antenatal care provider: Traditional birth attendant,0.0,2015-16
Lakshadweep,Antenatal care provider: Traditional birth attendant,0.0,2015-16
Puducherry,Antenatal care provider: Traditional birth attendant,0.0,2015-16
New Delhi,Antenatal care provider: Other,0.0,2015-16
Haryana,Antenatal care provider: Other,0.8,2015-16
Himachal Pradesh,Antenatal care provider: Other,0.6,2015-16
"Jammu, Kashmir & Ladakh",Antenatal care provider: Other,1.3,2015-16
Punjab,Antenatal care provider: Other,0.6,2015-16
Rajasthan,Antenatal care provider: Other,0.7,2015-16
Madhya Pradesh,Antenatal care provider: Other,1.3,2015-16
Chhattisgarh,Antenatal care provider: Other,0.5,2015-16
Uttar Pradesh,Antenatal care provider: Other,1.8,2015-16
Uttarakhand,Antenatal care provider: Other,1.4,2015-16
Bihar,Antenatal care provider: Other,2.4,2015-16
Jharkhand,Antenatal care provider: Other,0.9,2015-16
Odisha,Antenatal care provider: Other,3.4,2015-16
West Bengal,Antenatal care provider: Other,2.1,2015-16
Arunachal Pradesh,Antenatal care provider: Other,0.8,2015-16
Assam,Antenatal care provider: Other,5.1,2015-16
Manipur,Antenatal care provider: Other,0.8,2015-16
Meghalaya,Antenatal care provider: Other,2.4,2015-16
Mizoram,Antenatal care provider: Other,2.2,2015-16
Nagaland,Antenatal care provider: Other,1.2,2015-16
Sikkim,Antenatal care provider: Other,1.3,2015-16
Tripura,Antenatal care provider: Other,0.2,2015-16
Goa,Antenatal care provider: Other,0.0,2015-16
Gujarat,Antenatal care provider: Other,2.4,2015-16
Maharashtra,Antenatal care provider: Other,0.4,2015-16
Andhra Pradesh,Antenatal care provider: Other,0.5,2015-16
Telangana,Antenatal care provider: Other,0.5,2015-16
Karnataka,Antenatal care provider: Other,0.3,2015-16
Kerala,Antenatal care provider: Other,0.0,2015-16
Tamil Nadu,Antenatal care provider: Other,0.2,2015-16
Andaman and Nicobar Islands,Antenatal care provider: Other,0.0,2015-16
Chandigarh,Antenatal care provider: Other,0.0,2015-16
Dadra and Nagar Haveli,Antenatal care provider: Other,0.8,2015-16
Daman and Diu,Antenatal care provider: Other,0.0,2015-16
